{
	"comediantes": [
		{
			"name": "Diego Vignolo",
			"country": "Uruguay",
			"description": "Diego Vignolo pertenece a la nueva generación de humoristas uruguayos que admira y se inspira en los grandes maestros del stand up mundial. Defensor y promotor del género, comenzó su carrera artística en 1999, interpretando obras de teatro humorísticas en competencias organizadas por la Intendencia de Salto; y en Murga Joven, donde obtuvo reconocimientos varios que lo llevaron a participar en letras y coro de las murgas Demimurga y La Yapa y fueron moldeando y proyectando su camino artístico.",
			"image": "10",
			"id": "S6zGXL7AYDo"
		}
		{
			"name": "Nanutria",
			"country": "Venezuela",
			"description": "Víctor Medina conocido popularmente como Nanutria, nació en San Cristóbal, estado Táchira, Venezuela. Es un reconocido humorista, guionista y además es ingeniero que actualmente reside en Buenos Aires, Argentina.Desde niño, Nanutria era consciente de que le gustaba la comedia, pero confiesa que no sabía con certeza qué era el Stand Up Comedy. Es la curiosidad y el interés lo que lo llevan a meterse en ese universo y así a los 20 años de edad comenzó a comprender de que se trata el Stand Up Comedy. Para este joven su comediante favorito es El conde del guacharo, además de la famosa serie de Los Simpsons. Una vez empapado de lo que era el Stand Up comendy creó varios, entre los que sobresalen Nanutria: Como en casa, con un duración de una hora y diez minutos. En este trata temas como el choque de culturas al momento de inmigrar, También tiene otros Stand Up como El banquito, Probando material, El ciclo de la vida y su más reciente éxito, Macho Beta.",
			"image": "10",
			"id": "_sMD8ngMYIc,xaVwAg0fJbs"
		}
		{
			"name": "Brian Rullansky",
			"country": "Argentina",
			"description": "Nació en Buenos Aires, el 17 de marzo de 1992. Estudió teatro con Mariano Miquelarena, bajo eléctrico con Juan Pablo Iacaruso y stand up con Nicolás Biffi y Víctor Wolf. En 2009 egresó del ILSE y actualmente está cursando la carrera de abogacía en la UBA. Desde 2010 se presenta con regularidad como invitado en diferentes shows del circuito porteño de stand up, además de haber formado parte del elenco de Dadá, en el Paseo La Plaza y de estar oficiando como presentador en el show Ruleta Risa.",
			"image": "10",
			"id": "pry5eQvxRQM"
		}
		{
			"name": "Bernardita Ruffinelli",
			"country": "Chile",
			"description": "Comediante chilena con shows de stand up comedy en cartelera en todo el país y el extranjero, parte de la cadena de TV Comedy Central para Latinoamérica, fundadora del colectivo Manzanas de Eva que aglutina a comediantes mujeres del continente y Productora Ejecutiva del Comedy Fem Fest de México; conductora de TV y radio; guionista de comedia y generadora de contenidos para medios y marcas. Fundadora de Comedy Crew, productora focalizada en comedia, talleres y contenidos para redes sociales, con base en Santiago de Chile.",
			"image": "10",
			"id": "og9JpHrcHfA"
		}
		{
			"name": "Job Mansilla",
			"country": "Peru",
			"description": "Job, formado en comedia con Ricardo Mendoza (Perú), Diego Vignolo (Uruguay) y Joel Sánchez (Cuba), nos enseñará a descubrir a través del juego qué nos resulta gracioso y a entender el humor. Ha presentado numerosos espectáculos de stand up comedy como Cuando sea grande quisiera ser niño, y participado en diversos montajes de teatro como Un Misterio, una pasión en el Teatro La Plaza y La Película en el Teatro de Lucía",
			"image": "10",
			"id": "cvSyNN0MQ_8"
		}
	],
}